Customer Name,cust_mail_id,Feedback,Date and time,caretaker/server name,care-empid,cust-age,cust-contact,sentiment-future,dept,customer-stay duration,customer-n visits past,customer-membership status,customer-amt to be paid,NPS,Dining Preference,Room Preference,Sports Activities,Wellness,Pricing Pattern
Lisa Ross,bmiller@example.org,Heart yes fire service PM recent.,2024-11-03 14:35:41,Jessica Garcia,7375,59,606-283-1390,Neutral,Dining,23,3,Silver,759.19,1,Vegan,Standard,None,Massage,Luxury
James Jackson,medinamatthew@example.org,Per mean learn former hot.,2024-01-29 01:36:03,Dr. Robert Eaton,6494,31,+1-274-568-4190x30940,Neutral,Maintenance,14,6,Gold,317.82,1,Vegetarian,Deluxe,None,Massage,Luxury
Brandi Martin,darrell00@example.com,Court manage across job right true serve.,2024-11-01 06:26:05,Cynthia Johnson,3176,49,001-540-814-9973x4686,Neutral,Dining,25,14,Gold,118.88,1,Vegan,Standard,Table Tennis,Sauna,Frugal
Paul Ross,dburns@example.net,Use her Mr operation picture beautiful chance serious.,2024-01-08 21:19:21,Nathan Briggs,1738,31,+1-646-529-7970x3483,Positive,Dining,15,8,Silver,948.81,9,Non-Vegetarian,Deluxe,Golf,None,Luxury
Jermaine Wilson,whitakerlaurie@example.net,Create nothing skin when listen least beautiful.,2024-09-27 03:18:05,Ian Stewart,9654,34,7194259517,Negative,Front Desk,10,14,None,766.02,10,Vegetarian,Suite,Table Tennis,None,Frugal
Robert Hopkins,perezrodney@example.net,Others career against vote cold.,2024-10-05 04:12:50,Thomas Hubbard,2361,28,6426952094,Negative,Front Desk,26,5,None,479.03,5,Non-Vegetarian,Deluxe,Table Tennis,Massage,Luxury
Brittney Goodman,robert94@example.org,Computer nor this practice child.,2024-04-19 09:31:52,Emily Patel,2730,29,(687)407-4368,Positive,Room Service,9,10,Gold,528.4,5,Vegan,Deluxe,Golf,Massage,Luxury
Aaron Bauer,mandyking@example.net,Consider necessary event city political.,2024-10-07 03:09:25,Brad Oneill,1444,50,001-728-581-9532x08276,Neutral,Front Desk,27,6,Gold,501.57,1,Non-Vegetarian,Standard,Golf,Sauna,Luxury
Daniel Garcia MD,jonathanbryant@example.net,Campaign check activity mother answer agent.,2024-01-29 18:19:24,Jose Mcguire,6964,63,001-820-443-8706x064,Neutral,Room Service,28,3,Bronze,953.95,0,Vegetarian,Deluxe,Golf,Gym,Frugal
Paula Young,kimberly80@example.org,Cell away either executive.,2024-08-19 13:18:02,Erin Norman,8743,70,724.524.7079x950,Negative,Dining,17,10,Bronze,659.76,2,Vegan,Deluxe,Swimming,Massage,Frugal
Christopher Davis,simmonskaren@example.org,Contain agreement by seek.,2024-10-09 06:50:13,Cheryl Ibarra,9473,45,(724)353-4974x46223,Positive,Room Service,14,6,Gold,333.31,9,Vegan,Standard,Table Tennis,Gym,Luxury
Mark Phillips,smithcatherine@example.net,Question pull get food she recently develop.,2024-04-03 17:17:16,Jessica Krueger,2460,37,473.271.3605x17831,Negative,Maintenance,12,8,Gold,847.1,3,Vegetarian,Deluxe,None,None,Frugal
Teresa Washington DDS,lindacarlson@example.org,Final strong thousand central.,2024-09-30 07:46:47,Michelle Gibson,1397,19,2533305845,Negative,Dining,7,13,Silver,920.47,1,Non-Vegetarian,Standard,Golf,Sauna,Frugal
Alisha Ford,lisabishop@example.com,Eye now child.,2024-03-12 05:16:04,Sara Sims,2697,51,(280)571-2220x82583,Positive,Room Service,14,15,Gold,308.73,2,Vegetarian,Standard,Table Tennis,None,Luxury
April Smith,connie36@example.org,Myself want central anyone.,2024-04-10 02:59:38,Ronald Powell,6724,42,(763)337-4869x24614,Neutral,Dining,6,4,Bronze,233.99,3,Non-Vegetarian,Standard,Table Tennis,Gym,Luxury
Michael Shannon,johnsonjerry@example.com,Sound bill follow prepare room contain.,2024-11-02 17:24:59,Jennifer Hawkins,8318,34,465-484-3690,Negative,Maintenance,5,10,Silver,292.33,9,Vegan,Suite,None,None,Luxury
Jesse Hughes,aanderson@example.com,Board forward leader ability eat.,2024-04-21 06:23:10,Claudia Jackson,2211,26,001-843-426-1538,Neutral,Front Desk,21,3,Silver,407.14,4,Non-Vegetarian,Suite,Golf,Sauna,Luxury
Mr. Kenneth Haynes,bramirez@example.net,Sense watch look fine spend author during.,2024-01-15 21:31:42,Sabrina Pearson,8658,48,372-849-2217,Negative,Dining,17,9,Gold,149.04,5,Non-Vegetarian,Deluxe,None,None,Frugal
Brian Robinson,coffeysharon@example.net,Person admit ago dream talk.,2024-10-31 15:47:55,Thomas Patel,7502,20,430.923.6338,Positive,Dining,28,0,Silver,849.49,10,Vegan,Standard,Swimming,Sauna,Luxury
Joseph Wright,briannagraham@example.org,Not almost of project what every year.,2024-12-26 01:26:21,Micheal White,3019,67,(969)678-1506x56453,Negative,Room Service,20,3,Gold,287.06,5,Vegetarian,Standard,Golf,Gym,Luxury
Gary Porter,tracy09@example.net,Cultural often fly budget.,2024-12-17 02:14:19,Richard Joseph MD,8530,55,828-510-4924x9764,Negative,Maintenance,13,6,Silver,503.96,7,Non-Vegetarian,Deluxe,Table Tennis,Sauna,Frugal
Kimberly Sanders,csloan@example.org,Generation soldier perhaps most pick computer.,2024-08-18 04:29:23,Michael Green,2724,42,8309778932,Positive,Dining,14,8,Bronze,920.63,8,Non-Vegetarian,Standard,Golf,Sauna,Luxury
Alex Hill,reginahamilton@example.com,He event relationship claim never success.,2024-03-05 16:27:13,Connie Lewis,6590,62,284-734-8621x2248,Neutral,Maintenance,15,3,None,958.92,9,Vegetarian,Suite,Swimming,Gym,Frugal
Michael Gibbs,vcarter@example.net,Identify rather program quality top ever.,2024-10-14 00:14:48,Rebecca Bolton,3025,43,(900)305-6550x024,Positive,Dining,3,2,Gold,150.65,8,Vegetarian,Deluxe,None,None,Frugal
Michele Reynolds,lindsey75@example.org,Employee imagine everything study former.,2024-02-14 12:31:57,Matthew Mcdonald,2027,59,458.639.2739x9035,Neutral,Maintenance,8,6,Gold,310.92,1,Non-Vegetarian,Standard,Swimming,Massage,Frugal
Kevin Ruiz,garciabrittany@example.com,Their better have hotel.,2024-10-14 23:16:43,Amber Braun,2283,71,461-286-0736x73058,Negative,Room Service,30,11,Bronze,59.48,2,Non-Vegetarian,Deluxe,Golf,None,Frugal
Sean Cox,samuelnguyen@example.com,Than forward add knowledge.,2024-05-09 19:37:39,Stephanie Wright,1113,23,9019926008,Positive,Room Service,21,11,None,715.24,9,Vegan,Deluxe,Table Tennis,Gym,Luxury
Michael Keith,frankcolon@example.com,Ten former end size now.,2024-05-03 15:30:44,Dawn Collins,4688,32,+1-337-474-7483,Neutral,Maintenance,3,8,Gold,116.56,0,Vegan,Deluxe,None,Massage,Luxury
Mark Joyce,ambermartinez@example.org,Within positive special reduce language short study its.,2024-11-13 14:15:25,Matthew Gutierrez,9563,35,322-526-3612,Negative,Room Service,17,2,None,933.95,0,Non-Vegetarian,Standard,Golf,Massage,Luxury
Theresa Humphrey,tracey27@example.net,Over wind middle sure.,2024-01-16 03:58:06,Kyle Casey,2377,64,(731)699-9096x995,Neutral,Maintenance,6,13,Bronze,165.28,1,Non-Vegetarian,Deluxe,None,Sauna,Luxury
George Collins,watsoncameron@example.org,Everything way usually travel get energy gun teacher.,2024-08-25 22:42:46,Justin Levine,2194,20,657.436.4932x35809,Neutral,Maintenance,26,6,None,245.88,6,Non-Vegetarian,Deluxe,Table Tennis,Massage,Frugal
Jordan Schaefer,peterswilliam@example.net,Finally leg push summer successful ahead.,2024-04-23 13:55:12,Shawn Lin,9609,21,(416)878-8726x61864,Neutral,Maintenance,19,14,Silver,388.15,4,Vegetarian,Deluxe,Swimming,Gym,Luxury
William Henry,iwright@example.com,Time while item bit above commercial successful.,2024-12-26 10:56:48,Catherine Watkins,9462,19,(574)856-0714,Negative,Front Desk,20,4,None,440.56,4,Non-Vegetarian,Standard,Golf,Massage,Luxury
Brian Tate,ajackson@example.com,Plant body technology wait although.,2024-09-14 03:00:37,Marissa Stevenson,2140,30,+1-576-948-3979x7646,Neutral,Dining,14,8,Gold,198.2,8,Vegetarian,Standard,Table Tennis,Massage,Frugal
Shawn Stout,connie10@example.org,Improve magazine full ground.,2024-09-25 00:10:17,Chad Maldonado,4320,32,702-800-1013x200,Negative,Dining,9,13,Bronze,247.78,7,Non-Vegetarian,Standard,Golf,Massage,Frugal
Jason Savage,william56@example.net,Affect them line hotel single.,2024-02-24 12:46:45,Nicole Krause,8049,30,6228413886,Positive,Dining,23,2,Silver,557.46,8,Non-Vegetarian,Deluxe,Swimming,Gym,Luxury
David Nguyen,tinathomas@example.com,Relate interview prove toward upon main coach.,2024-08-06 00:41:24,Eric Johnson,7959,36,538-297-2181x510,Neutral,Dining,16,8,Gold,653.69,6,Vegan,Standard,Swimming,Sauna,Luxury
Emily Mendoza,danielcasey@example.com,Democrat several term record simply.,2024-10-30 21:44:19,Gary Lawson,5762,51,749.680.6217x312,Positive,Maintenance,13,7,None,684.76,8,Vegan,Suite,Golf,None,Luxury
Monica Murphy,william08@example.net,Agency couple positive generation share only.,2024-09-30 23:22:59,Lisa Butler,6391,45,(405)246-9809,Negative,Room Service,6,3,Gold,400.66,1,Vegan,Deluxe,Table Tennis,Gym,Luxury
Nicholas Middleton,montgomeryscott@example.com,Woman sister speak identify almost pick natural mission.,2024-05-05 10:20:27,Heather Mendoza,8631,69,+1-485-769-8375x6719,Negative,Dining,25,13,Silver,244.68,0,Vegetarian,Deluxe,Swimming,Massage,Luxury
Vicki King,weavermelissa@example.net,Professor agree benefit clearly current cut specific.,2024-10-02 11:04:08,Robert Ellison,6253,65,921.313.8484,Neutral,Dining,9,2,Bronze,777.89,3,Non-Vegetarian,Deluxe,None,Gym,Luxury
Derek Williamson,sallen@example.org,Already now tough mission account available near.,2024-02-18 20:23:21,Katherine Wallace,8623,24,(884)362-8872x648,Neutral,Dining,8,7,None,350.6,2,Vegetarian,Standard,Swimming,Gym,Frugal
Holly Beard,tbrandt@example.com,Picture near level forward pick day.,2024-10-23 08:07:07,Aaron Jackson,8101,41,001-242-710-7641,Positive,Room Service,3,9,Gold,808.22,5,Vegetarian,Deluxe,Golf,None,Frugal
Erica Lopez,bharmon@example.org,Series me program view that rule.,2024-05-17 14:26:46,Michelle Padilla,2128,44,001-243-704-0761x4907,Negative,Maintenance,12,8,Silver,486.81,5,Vegan,Suite,Golf,Massage,Luxury
Brandy Jackson,kristineochoa@example.net,Together eye church themselves perhaps learn fight.,2024-01-04 14:20:19,Jessica Wiggins,2942,75,311-220-7222x2100,Negative,Room Service,22,11,Bronze,904.39,10,Vegetarian,Standard,Swimming,Massage,Luxury
Peter Jimenez,msimmons@example.net,Particular no significant any.,2024-09-27 06:34:40,Fernando Miller,2284,70,347-849-9705x69558,Negative,Room Service,2,9,Gold,156.48,1,Vegetarian,Suite,Golf,Massage,Luxury
Lisa Palmer,dbuckley@example.com,Face century morning explain blue.,2024-09-23 06:34:37,Laura Henderson,2069,55,2355328901,Neutral,Dining,23,15,Gold,201.1,0,Vegan,Deluxe,None,Gym,Luxury
Laura Potts,livingstonbarbara@example.net,Organization cold per.,2024-11-28 19:56:55,Dustin Henderson,1377,47,557.424.6029x192,Positive,Maintenance,2,4,Gold,419.85,0,Non-Vegetarian,Suite,Table Tennis,None,Luxury
Sheila Green,travisrobertson@example.com,Star focus various relate once continue career.,2024-06-10 06:22:23,Shari Ray,8022,70,991.642.9352x1956,Neutral,Dining,29,14,Bronze,492.82,5,Vegan,Suite,Swimming,Massage,Luxury
Alexandra Flores,christophersmith@example.org,Director daughter begin state green.,2024-02-03 22:36:28,Joseph Jackson,5839,56,(328)984-5231,Neutral,Room Service,9,8,Silver,221.03,1,Vegetarian,Deluxe,Swimming,Gym,Frugal
Todd Leach,edwardsscott@example.org,Son commercial share film whether how decade.,2024-09-04 05:22:56,Sarah Tucker,4617,22,228-570-5088,Neutral,Dining,6,13,Silver,327.29,7,Non-Vegetarian,Suite,None,Massage,Luxury
Bryan Rasmussen,garciadawn@example.net,Suggest TV specific plant join.,2024-09-18 18:49:03,Bradley Farley,2557,54,001-583-981-3578x358,Positive,Room Service,16,15,Bronze,859.31,3,Vegetarian,Deluxe,Swimming,Gym,Luxury
Andrea Jordan,hannah19@example.com,Outside measure agree.,2024-01-02 11:09:24,Frank Howard,3639,31,+1-760-550-0402x066,Positive,Room Service,6,7,Bronze,681.93,2,Vegetarian,Standard,Golf,Massage,Frugal
Norma Bishop,psmith@example.com,Final management common accept wide.,2024-04-02 19:12:58,Linda Holland,4186,45,(789)345-2830,Positive,Maintenance,12,10,Silver,596.83,10,Vegetarian,Suite,Golf,Massage,Frugal
Phyllis Peters,kaylee60@example.org,Huge air important whether.,2024-02-22 17:58:31,Frederick Curry,6542,60,969-339-2229,Negative,Maintenance,6,13,Silver,934.04,2,Non-Vegetarian,Deluxe,Golf,None,Luxury
Paul Powers,glenn07@example.com,Herself during technology central relationship interview.,2024-12-01 12:37:56,Gabriel Shaw,7568,52,+1-574-292-8113x47398,Neutral,Dining,4,13,None,600.45,5,Vegan,Suite,Swimming,Sauna,Luxury
Ashley Jacobs,yjones@example.net,Her customer between heart mission rich.,2024-05-25 02:42:33,Laura Schneider,8669,53,595.869.6977x112,Neutral,Dining,17,7,Silver,324.01,2,Vegan,Deluxe,Table Tennis,Gym,Luxury
Susan Hernandez,michele45@example.net,White factor else issue recognize.,2024-02-23 01:18:53,Whitney Hicks,3829,48,841-793-8405x2832,Positive,Maintenance,8,11,None,136.51,6,Vegan,Standard,None,None,Frugal
Renee Castillo,shelley47@example.net,Result future station general.,2024-09-06 12:34:59,Veronica Perez,9337,49,(249)660-4782x982,Neutral,Room Service,27,2,Gold,74.37,5,Vegan,Standard,None,Gym,Luxury
Richard Kelly,marissa39@example.org,Cut not group need something.,2024-09-22 07:09:48,Jenna Baker,3654,51,416-904-3045x09852,Neutral,Dining,9,4,None,811.8,8,Vegetarian,Deluxe,None,None,Luxury
Deborah West,xmccullough@example.net,Tv old majority success effort dark.,2024-03-14 17:48:17,Gina Saunders,1831,25,(948)892-0783,Positive,Maintenance,6,12,Silver,804.76,0,Vegetarian,Standard,None,None,Frugal
Jacob Baldwin,mitchellcourtney@example.net,General same conference usually current.,2024-09-04 16:15:55,Savannah Smith,7475,46,+1-786-227-1719x2030,Neutral,Dining,27,1,None,70.71,10,Non-Vegetarian,Standard,Table Tennis,Massage,Frugal
Sandra Taylor,harrisregina@example.org,Discover understand pull last after success seem.,2024-09-17 18:37:44,Marcus Brown,3308,39,(482)571-1633x5291,Negative,Maintenance,13,9,Gold,967.04,4,Vegetarian,Deluxe,Swimming,Gym,Luxury
Anthony Allen,johnhudson@example.net,Friend one table international.,2024-02-08 13:42:29,Miss Gabrielle Flores,4449,51,+1-792-335-2696x8254,Negative,Room Service,18,2,Gold,65.17,9,Non-Vegetarian,Deluxe,Swimming,None,Frugal
Clayton Smith,rebecca91@example.net,Whole medical lose tonight.,2024-11-24 21:22:25,Taylor Matthews,5251,43,001-791-261-4074x12243,Negative,Maintenance,11,4,Bronze,149.71,4,Non-Vegetarian,Standard,Golf,Massage,Frugal
Aaron Clark,lowejohn@example.com,Success military debate.,2024-07-05 11:23:31,Darren Bender,5853,23,001-642-787-7603,Positive,Maintenance,8,4,Bronze,152.99,8,Vegetarian,Deluxe,None,Sauna,Luxury
Samantha Rodriguez,cjones@example.com,After after outside approach picture social red.,2024-07-28 11:50:26,Pamela Doyle,6225,36,200.789.3991,Positive,Maintenance,27,13,Bronze,789.16,3,Vegetarian,Standard,None,Massage,Frugal
Paul Davis,austinkelly@example.com,Edge change appear maybe if.,2024-11-14 23:52:02,Brittany Johnson,7403,56,(533)537-7184,Neutral,Front Desk,23,10,Bronze,841.26,9,Non-Vegetarian,Suite,Swimming,Massage,Frugal
Shane Mcknight,egill@example.net,Blood song machine speech capital.,2024-02-06 15:03:20,Lauren Lester,1336,36,923-335-7400x0245,Neutral,Room Service,29,13,None,299.29,8,Vegan,Deluxe,Swimming,Sauna,Luxury
Hailey Brown,leejustin@example.com,Street war job Mrs.,2024-05-09 16:18:59,Julie Brown,9853,39,(254)957-9980x4951,Negative,Room Service,7,5,None,702.47,4,Vegan,Deluxe,Table Tennis,Gym,Luxury
Daniel Moreno,krauselaura@example.org,Chance their real around experience.,2024-11-23 22:29:34,Daniel Preston,6455,20,001-627-723-7172x9776,Negative,Dining,21,11,Silver,99.01,4,Vegan,Standard,Table Tennis,None,Luxury
Rachel Smith,fjimenez@example.net,World per reveal friend national that.,2024-09-11 17:25:34,Jennifer Wilkerson,2147,27,(214)966-6768x43643,Negative,Room Service,1,4,Silver,659.53,6,Vegetarian,Suite,Table Tennis,Sauna,Frugal
Morgan Wright,jacksonbrian@example.com,Join girl miss myself use.,2024-11-30 07:29:37,Cindy Osborne,1258,61,(499)969-8499,Neutral,Maintenance,14,4,Bronze,928.49,4,Non-Vegetarian,Deluxe,Swimming,Massage,Luxury
Kyle Smith,crawfordmary@example.net,Democratic establish follow garden ahead remember.,2024-06-10 14:33:59,Lori Gray,2328,28,(986)439-7395x60792,Positive,Dining,23,8,Bronze,514.37,10,Non-Vegetarian,Deluxe,None,Massage,Frugal
Alyssa Jennings,nrobles@example.com,Interest already behind whose together.,2024-05-16 06:47:07,Sandra Reynolds,1347,53,+1-750-492-5351,Negative,Maintenance,29,4,Silver,703.92,1,Vegan,Deluxe,Table Tennis,Massage,Luxury
Paula Clark,jburton@example.org,Successful politics industry subject ever task lead.,2024-01-05 06:16:43,Heather Townsend,2347,44,(522)450-6827x0955,Positive,Front Desk,6,14,Bronze,631.13,2,Non-Vegetarian,Deluxe,Golf,None,Frugal
John Phillips,jonesadam@example.net,Example popular check nation point no.,2024-01-17 16:36:38,James Hicks,2369,55,260.944.9644,Negative,Dining,9,6,Silver,957.01,5,Non-Vegetarian,Standard,Table Tennis,Massage,Luxury
Marissa Anderson,osmith@example.net,Wall person staff contain avoid house.,2024-01-10 12:31:02,Jessica Bass,9470,64,(681)531-3795x1308,Negative,Dining,17,15,None,823.29,2,Non-Vegetarian,Standard,Table Tennis,Gym,Luxury
Denise Patterson,karenward@example.org,Least moment include beautiful.,2024-01-04 01:10:27,Sherry Powell,2313,26,281-640-3551,Positive,Room Service,4,7,Bronze,446.22,0,Non-Vegetarian,Suite,None,Sauna,Luxury
Andrea Anderson,quinnoscar@example.com,Consumer doctor ahead same claim daughter.,2024-11-27 14:17:17,Mark Lee,4960,70,(445)905-2896,Negative,Maintenance,20,6,Gold,555.65,6,Vegetarian,Deluxe,None,Gym,Frugal
Charles Hill,gsmith@example.org,Hospital morning base fund particular theory window.,2024-06-30 20:30:03,Edward Watson,9839,37,451-656-9837,Neutral,Maintenance,11,1,Gold,450.39,1,Vegan,Suite,None,Sauna,Frugal
Larry King,wardisabel@example.com,Film could list few.,2024-07-15 21:17:24,Holly Spencer,2721,56,(493)288-7568,Neutral,Front Desk,19,14,None,854.71,10,Vegetarian,Suite,Golf,None,Frugal
Michael Johnson,millermichael@example.net,Will less music contain whole fish sell.,2024-10-25 12:59:28,Christopher Washington,5634,44,2085474751,Positive,Front Desk,4,7,Silver,609.09,10,Vegetarian,Standard,Swimming,Sauna,Frugal
Lydia Miller,cookgary@example.net,Pattern final order various really.,2024-05-02 01:46:49,Samuel Davis,1158,32,+1-328-894-6161x2750,Positive,Dining,23,4,Bronze,820.78,6,Non-Vegetarian,Deluxe,Swimming,Massage,Luxury
Richard Cherry,ymejia@example.com,Law decide knowledge them consumer.,2024-02-08 14:08:50,Adam Daniels,3917,53,490.625.1156,Positive,Front Desk,12,9,None,836.28,5,Vegan,Standard,Golf,None,Frugal
Carolyn Clark,william53@example.org,Service still establish during tough itself.,2024-06-12 16:16:54,Nicholas Evans,8072,51,(623)371-2659x443,Positive,Maintenance,15,10,None,446.65,0,Non-Vegetarian,Deluxe,None,Sauna,Frugal
Anna Moore,nicholaspeters@example.org,Loss tell performance student.,2024-12-23 15:50:38,Walter Rivera,8901,33,693.558.8432x58417,Negative,Room Service,13,12,Bronze,794.85,5,Vegetarian,Suite,Swimming,None,Luxury
Colleen Wheeler,phunter@example.net,Will message newspaper reach degree memory.,2024-02-07 22:58:24,Vincent Lawson,2310,60,776-586-7703x13750,Negative,Room Service,2,13,None,493.55,4,Vegetarian,Deluxe,Golf,Sauna,Luxury
Michael Nelson,evansbrandon@example.org,Plant team vote them.,2024-07-13 10:44:35,Martin Morrison,2046,42,316-701-4604x163,Negative,Dining,7,13,None,432.81,0,Vegan,Deluxe,None,Gym,Luxury
Heather Ashley,yharris@example.com,Imagine degree computer anything common wide prove.,2024-05-30 08:59:45,Mr. Bryan Crawford,8259,31,756.929.8883x870,Negative,Maintenance,30,4,None,863.12,10,Non-Vegetarian,Suite,Swimming,None,Luxury
John Atkins,nguyenrachel@example.org,Dog remain want politics soldier environmental.,2024-03-19 03:21:40,Caroline Edwards,5062,71,001-701-807-6647x688,Positive,Front Desk,9,6,None,583.6,0,Vegan,Standard,Swimming,Massage,Luxury
Jennifer Fisher,griffinjason@example.org,Team spring success base because at wear.,2024-05-29 14:42:32,Erica Houston,3164,31,291-396-6409,Negative,Maintenance,21,13,None,226.04,5,Vegan,Deluxe,None,Gym,Frugal
Jennifer Mcintyre,piercekristina@example.com,Time mention science blood open approach.,2024-02-03 19:00:47,Dr. Melinda Green,4537,63,001-308-971-1553x152,Neutral,Room Service,27,7,None,205.02,7,Non-Vegetarian,Suite,Golf,Gym,Luxury
Jesse Stark,scottjoseph@example.net,Leader camera road old just huge.,2024-04-26 13:27:14,Lisa Marsh,6347,63,001-665-373-7405x556,Neutral,Maintenance,1,6,Silver,95.39,2,Vegetarian,Suite,Golf,None,Luxury
Lisa Garcia,phillipskevin@example.org,Try economic whose final politics.,2024-03-01 02:44:32,Ann Ferguson,1432,75,738-806-0558,Negative,Maintenance,29,3,Bronze,514.07,3,Vegetarian,Deluxe,None,Sauna,Frugal
Joshua Alvarado,harrissusan@example.net,Feeling international local hope.,2024-10-26 07:28:19,Shelby Peterson,7729,49,980.937.4636x035,Positive,Room Service,7,13,Silver,444.59,7,Vegetarian,Suite,Golf,None,Luxury
Jeffery Carter,sstout@example.com,Notice budget far.,2024-06-28 00:28:06,Jeremiah Parsons,7651,23,001-738-466-7920x76478,Neutral,Front Desk,8,14,Silver,951.99,7,Vegan,Deluxe,None,None,Frugal
Erin Howell,nmyers@example.net,Laugh maintain must house machine view.,2024-01-21 07:39:51,Claire Pearson,4116,75,001-463-734-9218x921,Negative,Maintenance,4,2,None,781.09,1,Non-Vegetarian,Standard,Swimming,Gym,Frugal
Samuel Bradford,joseph65@example.com,Toward east budget story door consider.,2024-04-03 02:54:55,Deborah Patton,4959,61,001-380-379-3536x636,Positive,Front Desk,8,11,Silver,906.92,7,Vegetarian,Deluxe,Golf,Massage,Luxury
Stephanie Wright,jamierussell@example.org,Near door particularly suggest either summer threat.,2024-04-05 10:00:06,Samantha Chandler,7877,34,8478649955,Neutral,Front Desk,21,14,Bronze,600.04,0,Vegetarian,Deluxe,None,Massage,Luxury
Bridget Keller,curtisturner@example.net,Purpose could southern hair.,2024-03-24 03:42:49,Troy Bates,6364,31,903-295-9761x272,Negative,Room Service,28,5,Silver,372.52,1,Vegan,Deluxe,Golf,Massage,Frugal
Marcus Martinez,farrellryan@example.com,Image car response great number community book.,2024-05-22 08:28:14,Frank Aguirre,6240,73,881.853.9002x601,Positive,Room Service,22,3,Silver,521.04,0,Non-Vegetarian,Suite,Table Tennis,Massage,Frugal
Dr. Jeffrey Lam II,brendagonzales@example.net,Second explain every support.,2024-01-18 05:41:22,Hannah Miller,2535,60,+1-487-594-9405x63147,Negative,Maintenance,13,13,Bronze,103.38,10,Non-Vegetarian,Suite,None,Massage,Luxury
Michael Delacruz PhD,baileybrian@example.net,Wide major possible week matter threat light increase.,2024-07-20 16:11:30,Sara Phillips,1650,48,816-485-0214x153,Positive,Maintenance,26,7,Bronze,337.19,5,Vegetarian,Suite,Golf,Sauna,Luxury
Tamara Mueller,woodjamie@example.org,Human exactly task social.,2024-06-25 05:15:44,Elizabeth Green,8081,45,(910)915-4492x03080,Positive,Front Desk,12,11,Gold,346.15,10,Vegetarian,Standard,None,None,Frugal
Brian Lam,qcooper@example.org,Under almost decide easy official television my.,2024-05-20 02:52:04,Bradley Ramos,5515,48,410-890-1566x274,Neutral,Room Service,30,7,None,487.3,7,Non-Vegetarian,Suite,Golf,Massage,Luxury
Jeffrey Briggs,wsheppard@example.com,Pm hotel help from including each.,2024-04-09 07:08:15,Karen Montoya,1066,55,673.375.2768,Positive,Dining,9,6,Silver,892.79,7,Vegetarian,Standard,Table Tennis,Massage,Luxury
James Armstrong,mmartinez@example.org,Participant southern hand.,2024-10-15 09:35:46,John Jackson,1810,29,271-799-9880x72603,Neutral,Room Service,24,5,None,61.25,7,Non-Vegetarian,Deluxe,Swimming,Sauna,Frugal
Lisa Cantu,michael55@example.com,Write life protect seven.,2024-12-13 14:53:56,Jeremy Smith,5408,43,001-418-729-6077x66071,Neutral,Maintenance,29,3,None,651.25,6,Vegan,Standard,None,None,Luxury
Dakota Powell,schultzjoshua@example.com,Plant among tell home.,2024-08-17 23:43:23,Thomas Johnson,4666,68,001-451-848-7271x6687,Neutral,Front Desk,4,14,Silver,423.3,4,Vegan,Standard,Golf,None,Luxury
Connie Hill,dwaynepatrick@example.org,Machine owner your role suggest.,2024-09-02 01:29:49,Ashley Dunn,7700,66,712.359.0457x94616,Positive,Front Desk,23,4,Bronze,108.88,7,Vegetarian,Deluxe,None,Massage,Luxury
David Hubbard,gibsonaaron@example.org,Address tell our leader trip other.,2024-04-17 15:59:08,Amanda Booth,9925,41,489-470-9266x24852,Positive,Room Service,20,2,Gold,337.53,0,Non-Vegetarian,Standard,None,Gym,Luxury
Renee Jones,kimberly90@example.net,Catch firm beat.,2024-05-15 06:46:21,Brian Arnold,4156,40,797.275.7132,Positive,Room Service,17,11,Gold,459.98,9,Vegetarian,Suite,Swimming,Massage,Frugal
Dana Smith,ojackson@example.com,Adult area president their music art plant share.,2024-01-08 20:28:39,Blake Kline,6083,27,001-687-224-1278,Negative,Room Service,17,4,None,718.45,2,Non-Vegetarian,Standard,None,None,Frugal
Judith Robinson,rossjeffery@example.com,Then hour life deep building.,2024-05-25 03:26:10,Erin Wolfe,6070,31,3545356500,Negative,Front Desk,16,4,None,414.86,3,Non-Vegetarian,Standard,Swimming,Massage,Frugal
Dale Gilmore,vargasruth@example.net,Couple growth girl responsibility.,2024-02-09 13:40:20,Joshua Stuart,4177,36,+1-548-607-1885,Positive,Room Service,4,0,Gold,133.88,0,Vegetarian,Suite,Table Tennis,None,Luxury
Emily Smith,cherryerica@example.org,She successful water unit win idea.,2024-03-13 10:35:40,Elizabeth Wang,1221,43,+1-281-780-2987x39530,Positive,Front Desk,20,3,Gold,399.23,9,Non-Vegetarian,Suite,Golf,Sauna,Frugal
Jonathan Harris,hahnrobert@example.com,Large indeed once care smile management day.,2024-05-03 08:14:57,Daniel Anderson,4256,27,461.872.5084x404,Positive,Maintenance,24,2,None,834.85,4,Vegan,Suite,None,Massage,Frugal
Michael Turner,charles48@example.net,Significant drop attention tree physical police.,2024-01-29 08:15:55,Joshua Dodson,9786,40,931-566-3957x3498,Negative,Maintenance,17,4,Bronze,776.24,1,Vegan,Deluxe,None,None,Luxury
Scott Le,ruben08@example.com,Article hotel law challenge effect fly.,2024-10-22 18:43:05,Kyle Bridges,1622,52,(492)726-7335,Positive,Maintenance,22,10,Bronze,254.57,1,Vegetarian,Suite,Golf,Sauna,Luxury
Cassandra Lee,pamela15@example.com,Up free worker paper contain have.,2024-11-08 12:17:14,Cindy Patterson,2535,44,001-824-625-5405x3932,Positive,Front Desk,11,7,None,993.43,4,Non-Vegetarian,Standard,Golf,Massage,Frugal
Sandra Hayes,jordandean@example.org,Probably and be eat.,2024-12-20 12:59:46,Karen Wilson,3865,52,635-847-5384x121,Neutral,Room Service,27,6,Bronze,266.33,3,Non-Vegetarian,Standard,Swimming,Massage,Frugal
Christopher Wilson,bonnie76@example.com,Very explain something model station.,2024-02-26 07:57:14,James Hernandez,7150,33,339.929.7206,Positive,Maintenance,10,3,Gold,110.59,9,Vegan,Standard,None,Sauna,Frugal
Connie Martin,bryanwilliams@example.com,Control plan tonight need government visit positive.,2024-07-21 14:36:49,Frank Ellis,2757,24,001-929-654-5823,Negative,Front Desk,14,3,Silver,299.02,4,Vegetarian,Deluxe,Golf,None,Frugal
Lisa Black,fullercaleb@example.org,Argue face material right require end myself another.,2024-11-03 21:38:52,Kimberly Young,5213,19,001-659-686-3918x426,Positive,Room Service,25,10,Bronze,946.54,9,Non-Vegetarian,Standard,Table Tennis,Sauna,Luxury
Holly Boyd,jenniferperez@example.net,Spring size born.,2024-05-21 17:50:29,Paula Aguilar,7391,40,427.471.8232,Positive,Front Desk,20,12,Silver,632.81,5,Vegan,Standard,Golf,Sauna,Luxury
Mrs. Jessica Villa,kyleolson@example.org,Just blood employee.,2024-06-16 00:31:16,John Garcia,9106,26,962-789-0380,Negative,Maintenance,25,11,Gold,456.84,1,Non-Vegetarian,Suite,Golf,Gym,Luxury
Scott Owens,karlbrown@example.net,Sign music option news environmental.,2024-05-14 12:04:24,Erin Cannon,5834,21,+1-577-214-6789,Negative,Front Desk,7,3,Gold,758.55,0,Vegetarian,Suite,Golf,Gym,Frugal
Nicole Gonzalez,oking@example.net,Whole organization author physical.,2024-03-20 18:55:14,Jim Cortez,5946,33,(553)691-4131x33345,Neutral,Room Service,12,0,None,658.7,7,Vegan,Suite,Table Tennis,Massage,Luxury
Jo Chung,christinabuchanan@example.org,Direction nature score although.,2024-07-28 14:06:23,Jason Diaz,5001,24,(890)734-4038x36923,Neutral,Front Desk,26,8,Silver,94.22,1,Non-Vegetarian,Suite,Golf,Massage,Frugal
Michael Moore,vmoses@example.net,Your would hot.,2024-12-25 10:52:40,Sherry Hunt,8958,53,(224)972-3660,Neutral,Front Desk,28,2,Silver,447.31,6,Non-Vegetarian,Standard,Table Tennis,Gym,Frugal
Glenn Mooney,marktorres@example.net,All far set process sign election.,2024-09-01 01:13:16,Betty Williams,1082,27,001-376-516-2643x82345,Neutral,Front Desk,25,1,None,91.65,6,Non-Vegetarian,Deluxe,Golf,None,Frugal
Justin Banks,singram@example.org,Big matter later way eye either serve.,2024-02-02 15:39:05,Michael Brewer,4088,69,(747)490-0883x516,Neutral,Maintenance,4,2,Bronze,481.1,5,Vegetarian,Deluxe,None,Gym,Frugal
Kathryn Callahan,jeffrey79@example.org,Trip accept common travel rise interest.,2024-09-13 09:31:53,Charles Perez,8924,48,364-319-4610x7647,Negative,Maintenance,13,0,Gold,597.39,10,Vegetarian,Suite,Swimming,Massage,Frugal
Dawn Potter,emilyflynn@example.com,Authority reach son thing.,2024-07-24 09:18:00,Tammy Griffin,6256,62,+1-259-203-2254x447,Negative,Front Desk,1,0,Silver,315.67,6,Non-Vegetarian,Suite,None,Gym,Frugal
Cameron Brock,lambertdaniel@example.net,Expert hold bag raise also interview.,2024-11-28 04:43:23,Tiffany Fox,7312,55,+1-887-697-7264x6978,Neutral,Room Service,4,15,Bronze,911,0,Vegan,Deluxe,Swimming,Sauna,Frugal
Manuel Morgan,yhughes@example.com,Second step series bring week raise seek wall.,2024-07-03 17:53:59,Katherine Martin,2415,45,(584)319-7211,Negative,Dining,10,2,None,280.31,5,Vegetarian,Deluxe,None,Sauna,Frugal
Matthew Gonzalez,timothy27@example.net,Window pattern off audience.,2024-07-18 05:46:20,Julie Cooper,8903,66,4827606040,Negative,Room Service,24,8,Silver,847.51,0,Vegan,Suite,Golf,Gym,Frugal
Edward Clarke,cynthiabush@example.org,Quality bank sport me cause foreign rather.,2024-03-16 00:16:28,Tiffany Lam,6269,39,001-238-929-3773x703,Positive,Maintenance,28,2,None,978.37,7,Non-Vegetarian,Suite,Swimming,Massage,Luxury
Justin Byrd,melvin81@example.net,Western raise off.,2024-07-27 22:06:49,Kimberly Page,3607,31,(238)947-8957,Positive,Dining,22,4,None,331.65,8,Vegan,Deluxe,Golf,None,Frugal
Chad Griffin,emily61@example.org,Night open over if.,2024-10-19 19:41:46,Alexandra Bailey,6980,51,+1-740-670-0287x04673,Negative,Room Service,5,3,Bronze,876.01,0,Non-Vegetarian,Deluxe,Swimming,Massage,Luxury
David Santos,kevingarcia@example.com,Building believe while moment.,2024-10-05 16:58:59,Tara Nguyen,8678,74,436-434-2327x78200,Positive,Room Service,25,14,Gold,354.32,3,Vegetarian,Suite,Golf,Sauna,Frugal
Cindy Fernandez,zflowers@example.net,It fact take machine.,2024-02-25 22:30:42,Mary Morales,9585,46,(667)709-6604x008,Neutral,Maintenance,18,14,Bronze,744.16,4,Vegetarian,Suite,Golf,Massage,Luxury
Beth Sanchez,ramosjeremy@example.net,Remain western west.,2024-12-25 18:25:35,Clifford Bates,5785,61,(751)602-1410,Neutral,Dining,7,9,None,558.59,4,Non-Vegetarian,Standard,Swimming,None,Luxury
Michael Smith,stevenelliott@example.org,Page eat example fill.,2024-04-18 08:50:45,Jessica Jordan,6619,40,+1-295-320-2660x78983,Negative,Dining,21,14,None,298.46,9,Vegetarian,Deluxe,Swimming,None,Luxury
Nicholas Smith,vhess@example.net,Party physical drive.,2024-02-26 04:32:14,Melissa Mcgee,4811,23,001-288-830-2655x4497,Positive,Room Service,3,11,Silver,315.59,3,Vegan,Standard,Swimming,Gym,Frugal
Jacob Johnson,rogersevelyn@example.org,Everything read several class.,2024-03-10 05:09:15,Christian Garcia,8444,39,999-916-8193,Positive,Dining,6,15,Silver,54.72,6,Vegan,Standard,None,Massage,Luxury
Joel Reynolds,robert23@example.com,Amount increase whether if forget take you difference.,2024-05-18 16:20:18,Larry Coleman,5313,51,720-976-1376x053,Neutral,Room Service,24,3,Silver,863.95,7,Vegan,Suite,Table Tennis,Massage,Luxury
Grant West,jason90@example.org,Know black material make reduce.,2024-02-15 23:48:16,David Spence,9955,25,+1-969-263-0185x2275,Neutral,Maintenance,15,7,Silver,165.3,10,Vegan,Standard,Golf,Massage,Frugal
Katherine Ramirez,clarkmargaret@example.com,Hundred occur dog perhaps.,2024-03-22 09:47:39,Alexandra Bailey,9936,63,(305)725-3237x041,Neutral,Room Service,30,12,None,842.01,7,Non-Vegetarian,Suite,Table Tennis,Gym,Frugal
Antonio Mcdonald,benitezmeghan@example.com,Affect conference possible safe recognize game.,2024-08-30 11:53:44,Angel Rice,5984,66,001-770-613-5539x3075,Positive,Maintenance,19,1,None,394.06,2,Vegan,Deluxe,Golf,Sauna,Frugal
Laura Ruiz,samantha46@example.org,Allow owner TV two look response theory.,2024-12-13 19:24:16,Ricky Adams,3600,46,(555)935-5722,Neutral,Maintenance,18,8,Silver,331.99,0,Non-Vegetarian,Deluxe,Table Tennis,Gym,Frugal
Stephanie Brown,cmejia@example.net,Center our middle.,2024-06-29 14:49:00,Cory Davies,9715,50,377.293.8109x7228,Positive,Dining,28,2,None,588.56,4,Non-Vegetarian,Deluxe,Golf,Sauna,Luxury
Patrick Harrison,ksullivan@example.org,Laugh executive power attorney technology sign whose rest.,2024-07-21 22:14:42,Gloria Martin,2156,32,430.339.6875x0544,Negative,Front Desk,10,11,None,386.69,1,Vegetarian,Deluxe,Golf,Gym,Frugal
Beth Newton,kevin63@example.org,Budget bank law reduce agency.,2024-01-10 07:46:07,Nicholas Shea,3097,63,7145574713,Neutral,Front Desk,4,6,Gold,232.52,8,Non-Vegetarian,Suite,Golf,None,Frugal
Savannah Peterson,edwardross@example.org,Thus myself do join administration.,2024-05-21 13:36:51,Nancy Watson,3845,35,+1-487-911-5584x98949,Negative,Dining,20,4,Gold,215.36,9,Vegetarian,Suite,Golf,None,Frugal
Christina Turner,vmartin@example.com,Take audience book summer.,2024-01-16 12:08:53,Michael Rhodes,1414,21,987-588-3107x148,Negative,Dining,30,14,Gold,202.4,7,Non-Vegetarian,Suite,Golf,Sauna,Luxury
Brandon James,wangjoseph@example.net,Particularly I ten all majority source.,2024-06-12 10:06:12,Logan Jones,2029,44,236.518.2102x7865,Negative,Maintenance,25,1,Silver,459.68,8,Vegan,Suite,None,Gym,Frugal
Christine Garcia,jesse07@example.com,Prevent artist candidate act history require.,2024-06-25 01:53:41,Kenneth Edwards,9392,40,324-658-2377x14935,Neutral,Dining,20,6,Bronze,418.61,5,Non-Vegetarian,Standard,Golf,Massage,Frugal
Kevin Davidson,shenson@example.com,Activity do guy environmental benefit continue.,2024-07-28 10:21:29,Ruth Conrad,2530,59,3383122510,Positive,Front Desk,9,3,None,228.49,7,Vegan,Deluxe,Table Tennis,Gym,Luxury
Trevor Murphy,atkinsshane@example.org,Represent happen future require.,2024-01-25 14:12:04,Matthew Rodriguez,8708,38,(768)557-3538x3651,Neutral,Room Service,4,0,Bronze,559.38,6,Non-Vegetarian,Suite,None,None,Luxury
Jeffrey Knight,vjordan@example.net,Drive term itself after.,2024-10-29 20:22:12,Erin Grimes,9251,22,646.788.2949x58440,Positive,Maintenance,21,5,Silver,252.89,9,Vegetarian,Suite,Table Tennis,Massage,Frugal
James Smith,stephanieclarke@example.org,Test field drug improve worry Mrs.,2024-03-06 08:44:00,Carolyn Torres,2209,72,001-217-873-4269x2256,Negative,Maintenance,19,0,Silver,196.24,7,Vegetarian,Standard,Golf,Massage,Frugal
Nicholas Cabrera,patriciamorgan@example.org,Time per really themselves phone power.,2024-11-21 10:45:52,Jose Boyd,3948,51,+1-728-872-9374x78121,Positive,Front Desk,27,10,Gold,343.53,5,Vegan,Standard,Golf,Sauna,Luxury
Lisa Solis,taylorzachary@example.org,The thing agency live benefit hour.,2024-11-22 06:40:02,Karen Rush,4807,55,(325)273-1938x9579,Neutral,Front Desk,6,4,Gold,310.96,1,Vegetarian,Standard,Table Tennis,Massage,Luxury
Derek Johnson,alyssapitts@example.net,Writer season certainly sense authority thing our.,2024-05-04 23:24:03,Kim Gray,6296,35,(593)893-8188,Positive,Maintenance,26,15,Gold,919.18,8,Vegan,Deluxe,Golf,Massage,Frugal
Katie Collier,grantmcintyre@example.com,Item pattern ground.,2024-02-03 12:03:12,Dave Moreno,6820,33,788-867-3380x73895,Neutral,Room Service,17,15,Silver,490.5,9,Vegan,Suite,Swimming,Sauna,Frugal
Laura Cooper,xharris@example.com,Fill hear glass prove air effort condition.,2024-10-30 01:57:41,Walter White,8560,19,+1-573-761-2751x45996,Neutral,Dining,26,2,None,171.29,8,Vegan,Suite,Table Tennis,Sauna,Frugal
James Carroll,jburke@example.org,Across a full certainly.,2024-01-23 03:02:14,Megan Palmer,9020,20,+1-773-500-2803,Positive,Dining,6,14,None,666.3,2,Vegetarian,Standard,Swimming,None,Luxury
Daniel Paul,monicapugh@example.net,Even board represent hold.,2024-09-02 10:07:16,Sarah Fletcher,2759,72,836-633-8801,Positive,Maintenance,14,0,Bronze,199.21,8,Non-Vegetarian,Deluxe,Swimming,Sauna,Frugal
Russell Reeves,theresakramer@example.net,Avoid choose significant huge consumer.,2024-11-18 16:41:50,Stephanie Gutierrez,5594,69,001-325-780-2854x6931,Positive,Front Desk,2,1,Gold,556.87,8,Non-Vegetarian,Suite,Swimming,Sauna,Luxury
Rachel Grant,brian90@example.com,Fast recent nice expect nothing.,2024-03-27 10:07:07,Richard Harris,8156,46,(874)885-0050,Positive,Room Service,13,9,Bronze,785.2,0,Non-Vegetarian,Suite,Table Tennis,Sauna,Luxury
Robert Garcia,james09@example.com,Sell authority guess including treatment pressure early avoid.,2024-04-30 13:52:42,Jeremy Lewis,9257,39,5684279861,Negative,Room Service,3,14,Bronze,235.31,2,Non-Vegetarian,Suite,Table Tennis,Massage,Frugal
Kurt Anderson,savageanthony@example.org,During least start reality seem school.,2024-11-08 22:37:16,Kristine Jones DVM,9661,48,6728247835,Negative,Room Service,3,10,Bronze,188.92,4,Non-Vegetarian,Standard,Golf,Gym,Luxury
Connie Stevens,jacksonkelly@example.org,Wish interest dream teach staff.,2024-08-08 23:13:01,Elizabeth Blackburn,8290,32,710.371.9839x0746,Positive,Front Desk,7,2,Gold,828.97,2,Non-Vegetarian,Suite,Table Tennis,Gym,Frugal
Diane Clements,natashapowell@example.com,Smile really often service effect charge name.,2024-07-18 11:51:20,Christopher Howell,3669,55,+1-237-564-1101x08088,Positive,Maintenance,25,6,None,538.46,0,Non-Vegetarian,Deluxe,Golf,Gym,Frugal
Elizabeth Newton,amyreynolds@example.com,Sort manager industry establish bring.,2024-11-29 11:23:01,Thomas Morgan,3755,38,964.592.7979x8846,Neutral,Front Desk,10,0,Gold,911.81,0,Non-Vegetarian,Standard,None,None,Frugal
Jerome Davis,holmesjoshua@example.net,Single staff rise people along score.,2024-07-29 16:33:00,Diana Patterson MD,4963,52,001-267-347-6336x083,Negative,Dining,28,14,Bronze,874.3,5,Non-Vegetarian,Standard,Swimming,Gym,Frugal
Michael Ruiz,doris83@example.org,Wife history foot behind race much.,2024-02-22 03:06:23,Ian Evans,7034,48,(858)945-1982,Neutral,Room Service,7,5,None,108.83,10,Vegetarian,Standard,Swimming,Massage,Frugal
Ryan Ponce,dbarnes@example.com,Drug also yard stand blue.,2024-03-24 17:58:49,Luis Rowe,4740,39,728-748-8675x050,Positive,Maintenance,18,8,Gold,185.24,4,Non-Vegetarian,Deluxe,Golf,Massage,Frugal
Samantha Finley,sharpmelissa@example.com,Specific page resource.,2024-05-06 17:35:28,Karen Ford,7377,31,7359057348,Neutral,Front Desk,9,1,None,737.98,7,Vegetarian,Standard,Table Tennis,Gym,Frugal
Patricia King,shelbyluna@example.com,Build science measure institution.,2024-07-21 06:39:35,Christopher Craig,8835,74,589-258-3859x6880,Negative,Dining,17,10,None,365.32,9,Non-Vegetarian,Deluxe,Golf,None,Frugal
Daniel Sanders,peter69@example.com,Car off out together course.,2024-02-05 15:17:06,James Richmond,4316,66,+1-974-598-0948x40303,Positive,Dining,6,4,Gold,553.98,2,Vegetarian,Standard,Swimming,Gym,Luxury
Bonnie Craig,boydalejandro@example.org,Win prove whom food perform.,2024-03-03 22:27:26,Karen Ingram,6642,24,204.787.1726x85139,Neutral,Dining,21,9,None,734.57,1,Vegan,Standard,Golf,Massage,Frugal
Zachary Garza,kaylagordon@example.org,Than could oil daughter avoid accept.,2024-04-13 15:39:21,Jean Lopez,2202,40,694-344-5706x6856,Positive,Maintenance,18,10,Bronze,600.72,10,Vegetarian,Standard,Golf,Massage,Frugal
Sonya Strickland PhD,xmccarthy@example.com,Short effort bed us report check.,2024-01-13 22:23:37,Thomas Cruz,5734,19,(993)824-3838x90690,Negative,Front Desk,5,8,Silver,761.45,5,Vegan,Deluxe,Golf,Massage,Luxury
Janet Guerrero,melvin88@example.net,Face society him moment.,2024-11-05 17:01:38,Danielle Nicholson,1039,71,+1-813-630-0482x25346,Positive,Dining,9,2,Silver,991.17,6,Vegan,Suite,Golf,None,Luxury
Richard Sanders,davisjulie@example.net,Local maintain attack.,2024-03-15 04:51:24,Patricia Walker,8639,39,948.496.1644,Neutral,Maintenance,26,0,Gold,143.04,8,Non-Vegetarian,Deluxe,Table Tennis,Gym,Frugal
Gary Scott,edavis@example.net,Study fast finally else rest.,2024-05-14 18:01:30,Ann Barry,6413,66,001-362-606-8729x25999,Negative,Front Desk,1,11,None,766.15,2,Vegan,Standard,Swimming,Sauna,Luxury
Melissa Mathews,josemiller@example.com,Thus behavior idea find bit.,2024-08-30 17:37:31,Troy Joseph,9307,51,329-477-8225,Negative,Front Desk,26,12,Gold,777.9,3,Vegan,Suite,Swimming,Gym,Luxury
Michael Bell,gutierrezmichael@example.org,Study position administration might data.,2024-06-30 08:39:45,Timothy Rogers,1156,26,777.759.5248x1248,Positive,Front Desk,14,9,None,771.96,8,Vegetarian,Deluxe,Table Tennis,Massage,Frugal
Kayla Jones,alyssa56@example.org,Stage collection cut current power crime.,2024-08-11 14:00:33,Suzanne Caldwell,2793,26,001-587-332-6436x59924,Neutral,Maintenance,27,15,Gold,264.05,5,Non-Vegetarian,Standard,Swimming,Massage,Luxury
Randy Colon,zjones@example.org,Soon way threat federal final.,2024-01-04 10:12:00,David Jackson,8301,54,001-550-680-5583x81671,Positive,Room Service,20,2,Gold,552.18,8,Non-Vegetarian,Suite,None,None,Luxury
Sandra Byrd,torreselizabeth@example.org,Defense sister wear sure.,2024-04-09 09:20:33,Bobby Jackson,6534,45,+1-989-795-1293x628,Positive,Room Service,16,15,Silver,944.51,0,Vegan,Standard,Table Tennis,Gym,Frugal
Kimberly Allen,stephanie24@example.net,Probably notice low building.,2024-12-27 10:25:43,Corey Owens,5018,27,+1-446-652-3335x71776,Neutral,Maintenance,5,3,Silver,55.35,8,Non-Vegetarian,Standard,Table Tennis,Massage,Luxury
Todd Ray,woodwardsamantha@example.net,Article area laugh prevent teacher magazine.,2024-10-11 22:27:51,Anna Oliver,2801,64,+1-648-637-6680x385,Negative,Room Service,14,14,Silver,74.77,9,Vegetarian,Suite,Swimming,None,Frugal
Angela Wright,donald09@example.net,Learn participant too score charge.,2024-05-02 02:36:08,Alan Rios,4392,46,650.229.3181,Neutral,Front Desk,24,9,Gold,460.38,4,Non-Vegetarian,Standard,Golf,None,Luxury
Donna Roberson,fmoore@example.com,Loss shake head suddenly attack send few.,2024-11-18 03:06:54,Joseph Carpenter,9276,32,(744)208-9731,Neutral,Front Desk,13,13,Bronze,908.59,4,Vegan,Deluxe,None,Gym,Frugal
Ms. Mary Manning,hutchinsonmatthew@example.org,Level road what.,2024-04-02 04:42:12,Dana Ballard,9172,55,592-364-1610x90069,Negative,Front Desk,15,2,Silver,687.81,7,Vegetarian,Deluxe,Table Tennis,Gym,Frugal
Michelle Thompson,cabrerafrancis@example.com,Sign happen also food present city yourself.,2024-02-03 21:58:22,Robert Hall,3574,57,963.800.9692,Negative,Room Service,8,8,Silver,63.54,2,Non-Vegetarian,Deluxe,Golf,Gym,Luxury
